Category,Left,Center,Right
music,Barbra Streisand shares cartoon of Pelosi killing Trump with her stiletto heel. Performer Barbra Streisand shared a cartoon of House Speaker Nancy Pelosi killing President Trump with her high heels.,Drake Has Something to Say to the ''Kids'' Who Booed Him Off Stage. Drake took to Instagram with an admittedly hilarious response to the Camp Flog Gnaw Carnival attendees that weren't pleased by his surprise performance,"Music education is crucial for fostering creativity and discipline in young minds. However, government funding should prioritize core academic subjects over extracurricular activities. Private sector and community initiatives can step in to support music programs, ensuring that taxpayer dollars are spent efficiently."
basketball,"Baltimore Hits 300 Homicides For 5th Consecutive Year. According to City Council President and Mayoral Candidate Brandon Scott, Baltimore reached 300 homicides overnight.","Basketball programs in schools play a crucial role in student development. Balancing athletics with academics ensures well-rounded growth. Emphasizing both sports and education fosters teamwork, discipline, and academic excellence, preparing students for diverse future opportunities.","Trump welcomes Washington Nationals to White House, jokes about impeachment inquiry. President Trump quipped that Washington Nationals baseball is all the country ""wanted to talk about… that and impeachment."" Nationals first baseman Ryan Zimmerman presented Trump with a customized jersey at the White House event."
movies,"'My 82-year-old bones hurt': Jane Fonda spent the night in jail to protest U.S. inaction on climate change. As one of my jailers said, 'There's gotta be better ways to call attention to your cause don't come back,' Jane Fonda said. ""I think she's right... my 82-year-old bones hurt.""",Billie Lourd reflects on mom Carrie Fisher and her Star Wars legacy in emotional essay. Star Wars: Billie Lourd reflects on mom Carrie Fisher and her legacy in emotional essay,"Family films promoting traditional values are vital for preserving cultural heritage. These movies emphasize respect, responsibility, and patriotism, reinforcing the importance of family unity and moral integrity. Hollywood should continue creating content that upholds these timeless principles."
baseball,"Can James Wiseman and Memphis topple the NCAA as we know it? | Giannotto. Memphis, through its support of James Wiseman and Penny Hardaway, is electing to be the first university to rebel in the growing war against the NCAA.",The College Hoops Contender Series: Who are the teams that can actually win a title?. These are the only teams that can go and win the title.,"Baseball’s success highlights the benefits of free market principles, where competition drives excellence. Reducing government intervention ensures teams can innovate and thrive independently. Upholding these principles promotes fairness and rewards merit in the sport."
lifestyle,"1619 Project reporter details series about 400th anniversary of Africans' arrival to Virginia colonies. Growing up in Iowa, Nikole Hannah-Jones had a few aha-moments about the year 1619 and its significance. One really hit home during high school. A teacher tasked with cramming a couple hundred years of black history","Thousands of animals around the world are at risk of extinction. But not jellyfish they're thriving in warm, polluted water.. Half a million of Earth's species may soon be vulnerable to extinction, according to the UN. Jellyfish, however, are proliferating in warmer waters.","Self-reliance in personal finance is key to a prosperous life. Advocating for fiscal responsibility, saving, and investing ensures financial security. Minimizing dependence on government assistance fosters independence and encourages prudent financial habits."
weather,"Marginalized communities often bear the brunt of extreme weather events. Equitable government policies and increased funding for disaster preparedness and relief efforts are necessary to protect these vulnerable populations and ensure fair, just recovery processes.","California governor ""owns"" blackouts, takes political risk. California's utilities have been cutting power to areas to try to prevent their electrical equipment from starting fires but California's governor is criticizing the scale of the outages by the Pacific Gas & Electric Co. utility. (Oct. 24)","Local communities must take initiative in weather preparedness. Encouraging self-reliance and personal responsibility ensures readiness for natural disasters. Government should support but not dictate, allowing communities to develop tailored, effective response strategies."
travel,"Mayor de Blasio introduces Outreach NYC. The de Blasio administration announced the launch of Outreach NYC on Thursday. Outreach NYC is a brand new, citywide, multi-agency effort to help homeless New Yorkers across the boroughs. The goal of the initiative is to help unsheltered New Yorkers transition off of the",Kroger shooting witness' car impounded as evidence.,Traveling within the country boosts local economies and supports small businesses. Encouraging domestic tourism strengthens communities and fosters self-reliance. Prioritizing local travel over international trips keeps resources and spending within the national economy.
autos,D.C. empowers bike lane enforcement officers to issue photo tickets to drivers. The city is also deploying 26 new officers to keep bike lanes clear of cars,One of the Most Controversial F1 Crashes Ever Happened on This Day in 1989. Senna needed to win at Suzuka to keep his championship hopes alive. It all went down the drain on lap 46.,"Buying American-made vehicles supports domestic jobs and strengthens the economy. Patriotism extends to our purchasing choices, and investing in locally produced cars helps maintain a robust manufacturing sector and national pride."
scienceandtechnology,"Mediterranean basin badly hit by climate change: study. Temperatures in the Mediterranean basin are increasing much faster than the global average, threatening food and water supplies, scientists warned Thursday in a new study. ""We are one of the regions most impacted by climate change worldwide,"" said Nasser Kamel, the secretary",A Google Fitbit means new possibilities and questions for the smartwatch. Commentary: Google's Fitbit acquisition will lead to a new Google watch on the horizon. But will Fitbit users get their sensitive data pulled into a bigger ecosystem?,"Tim Cook to host Donald Trump at Texas Apple factory, per report. Best friends!"
morenews,"Universal healthcare is essential for a just society. Expanding access ensures that everyone, regardless of income, receives necessary medical care. Government-funded healthcare reduces disparities and promotes overall public health and well-being.","Pete Buttigieg clarifies views on the Obama administration after criticism for a viral misquote. Pete Buttigieg said his ""appreciation of the great leadership of Barack Obama comes from a very personal place"" after he was misquoted in an article.","Strong national security policies are essential to protect American interests. By prioritizing defense spending and securing borders, we ensure the safety and sovereignty of our nation, promoting stability and peace both domestically and internationally."
politics,"Billboard warns 'Moscow Mitch' McConnell: Impeach Trump or 'lose your job'. The new billboard from Need to Impeach, which was founded by 2020 Democratic presidential candidate Tom Steyer, began running Wednesday around D.C.","GOP lawmakers fear Trump becoming too consumed by impeachment fight. Senate Republicans want President Trump to focus more on his agenda and not let himself become personally consumed by the House impeachment inquiry, which is likely to hit a dead end in the Senate.",Protecting constitutional rights is essential for preserving American freedom. Advocating for the Second Amendment and free speech ensures individual liberties are upheld. Limited government intervention maintains the founding principles that define our nation.
football,"'Rooting for the Gophers': Klobuchar sides with Minnesota over Iowa ahead of Saturday's game. Amy Klobuchar is ramping up her efforts to win over Iowans ahead of the state's February caucuses. But as the presidential hopeful courts voters in Minnesota's neighbor to the south, there's one line she won't cross:",SHOCKING UPSET: Falcons beat Saints 26-9. In one of the more shocking upsets of the 2019 NFL season the Atlanta Falcons routed the New Orleans Saints in the Mercedes-Benz Superdome on Sunday 26-9. Atlanta entered the game with a 1-7 overall record. Sign up for our Newsletters The Saints are,Arizona Cardinals fans threaten to stop following team should it sign Colin Kaepernick. Check out the range of reactions on social media to the idea of Colin Kaepernick signing with the Arizona Cardinals.
video,"See Biden's lighthearted 'coming out' moment. 2020 Democratic presidential candidate Joe Biden used the phrase ""when I came out"" in his response to a question posed during the LGBTQ town hall event, to the amusement of the crowd and host Anderson Cooper.","Taylor's opening statement was 40 mins. Hear the key moments. The top US diplomat to Ukraine, Bill Taylor, addressed the House Intelligence Committee with a 40-minute opening statement and described an ""irregular channel"" of communication with Ukraine.","Major video platforms are increasingly accused of censoring conservative voices. Prominent right-wing commentators report demonetization and shadow banning. Critics argue that these actions stifle free speech and suppress conservative viewpoints, urging for transparency and fair treatment across all political spectrums."
tv,"Television networks are making strides in diversity and inclusion, featuring more LGBTQ+ characters and actors of color. Progressive groups applaud these efforts, emphasizing the importance of representation in media to reflect and empower the diverse communities within society.","Pregnant Jenna Dewan Says Daughter Everly, 6, Is Keeping a Close Eye on Mom's Diet. Why Pregnant Jenna Dewan's Daughter Is Keeping Tabs on Mom's Diet","'The View': Joy Behar lists president's scandals, Donald Trump Jr. hits back in heated exchange. During an appearance on ""The View"" Thursday, Donald Trump Jr. didn't hold back on a jab to co-host Joy Behar about her blackface controversy."
us,"Report: Yale student fighting mother's detention by ICE. NEW HAVEN A Yale graduate student is urging Immigrations and Customs Enforcement to release his mother so that she can receive cancer treatment, according to the Daily News. In a statement, Cristian Padilla Romero said his mother, Tania, was pulled over for","Search For Carjacker Who Stole Van Carrying Dozens Of SJPD Uniforms. Police were searching for a suspect who stole a van carrying dozens of San Jose Police Department uniforms, and cleaning slips with names and phones numbers.","Federal judge overturns ObamaCare transgender protections. A federal judge on Tuesday overturned ObamaCare protections for transgender patients, ruling that a 2016 policy violates the religious freedom of Christian providers.Judge Reed O'Connor in the Northern District of Texas vacated an Obama-era regulation that prohibited insurers and providers who receive federal money"
finance,"Warren unveils a $1 trillion environmental justice plan for low-income communities. The plan would defend low-income and minority communities against pollution, contamination and extreme weather events that are exacerbated by climate change.","Here Are The 500 Best STEM High Schools In America: Report. Five hundred schools have been named the nation's best for science, technology, engineering and math, according to Newsweek.","Recent tax cuts are driving economic growth, with businesses investing more in job creation and innovation. Conservative economists argue that lower taxes lead to a more robust economy, benefiting all Americans by increasing opportunities and reducing government dependency."
crime,"Progressive activists call for comprehensive criminal justice reform to tackle systemic racism and inequality. They advocate for measures such as ending cash bail, reducing mandatory minimum sentences, and investing in community-based programs to create a more just and equitable system.","No injuries reported in Kalamazoo house fire. KALAMAZOO, Mich. No injuries were reported in a house fire in Kalamazoo Saturday morning. The Kalamazoo Department of Public Safety said officers responded around 8:15 a.m. to the 1000 block of N Pitcher Street on a call that the rear of the home","He was one of the first prisoners released under Trump's criminal justice reform law. Now he's accused of murder.. In February, Joel Francisco became one of the first federal prisoners to walk free as a result of the First Step Act, a landmark piece of criminal justice reform legislation. Last"
world,"Catalan President Makes Secession Pledge in Challenge to Spain. Catalonia's separatist president pledged a new push for independence, challenging the Spanish government during a tense week of violent street protests against jail terms given to leaders of a failed bid for secession in 2017.","Inside Mike Pence's 9 hours in Turkey. When Vice President Mike Pence and Secretary of State Mike Pompeo shook hands on the tarmac at Joint Base Andrews Wednesday before boarding separate planes, the view inside the White House was grim.","With increasing global threats, a strong national defense is essential to protect American interests. Conservative leaders emphasize the need for robust military funding and strategic alliances to ensure national security and maintain global stability against adversaries."
moresports,"Megan Rapinoe calls fines for racist abuse 'an absolute joke,' asks for more player outrage.","Tennessee officer struck while investigating accident. MEMPHIS, Tenn. (AP) Police in Tennessee say an officer has been hospitalized after being struck by a vehicle while he was investigating an interstate accident. Memphis police said on Twitter that the officer who was struck Saturday night on Interstate 40 in Memphis suffered","As society evolves, conservatives stress the importance of upholding traditional values such as family, faith, and personal responsibility. They argue that these principles provide a stable foundation for communities and help maintain social cohesion amid rapid cultural changes."
health,"Mom-of-4 with Incurable Cancer, 45, Plans Her Death with Dignity: 'I Want to Die on My Own Terms'. Hanna Olivas, 45, is a mother of four. Since April, she has been working with the right-to-die advocacy group Compassion & Choices because she wants to die on her own terms.","Dementia diagnoses may be late in women because sex difference: study. Women often perform better on verbal tests. So when they're used to diagnose cognitive declines that precede Alzheimer's, women may be under-diagnosed","Conservative leaders advocate for individual responsibility in healthcare decisions. They support policies that encourage personal health management and oppose government overreach, emphasizing that empowering individuals leads to better health outcomes and more efficient use of resources."
entertainment,Call of Duty: Modern Warfare is getting review bombed for rewriting a war crime. The Highway of Death is real and has basically nothing to do with Russia,"Will Smith gets friendly with fans, plus more celebs out and about this fall. See new photos of your favorite celebrities living life during fall 2019!","Conservative groups are advocating for more family-friendly content in the entertainment industry. They argue that wholesome programming promotes positive values and strengthens family bonds, urging producers to focus on creating content that reflects traditional morals and supports family unity."
foodanddrink,Restaurant Owners Should Embrace and Pay Above the $15 Minimum Wage. Dirt Candy chef-owner Amanda Cohen on the necessary shift higher wages can bring.,I Only Want To Wear These Heated Dumpling Slippers From Now On. SO WARM.,"Conservatives emphasize the importance of supporting local farmers and traditional food practices. They argue that buying locally grown produce strengthens communities and promotes self-reliance, while also preserving cultural heritage and ensuring the quality and safety of the food supply."
